AWARD ID,USASPENDING LINK,TOTAL AWARD FUNDING AMOUNT,RECIPIENT TYPE,RECIPIENT NAME,Address,City,STATE,Zip Code
2315197,https://www.usaspending.gov/award/ASST_NON_2315197_4900/,1072633,NON-PROFIT ORGANIZATION,"ALGEBRA PROJECT, INC.",99 Bishop Allen Dr,Cambridge,MASSACHUSETTS,2139
2334406,https://www.usaspending.gov/award/ASST_NON_2334406_4900/,3127229,NON-PROFIT ORGANIZATION,AMERICAN ASSOCIATION OF COLLEGES AND UNIVERSITIES,1818 R St NW,"Washington, DC",DISTRICT OF COLUMBIA,20009
2236832,https://www.usaspending.gov/award/ASST_NON_2236832_4900/,74940,NON-PROFIT ORGANIZATION,ARIZONA TECHNOLOGY COUNCIL FOUNDATION,"2800 North Central Avenue, #1530",Phoenix,ARIZONA,85004
2223035,https://www.usaspending.gov/award/ASST_NON_2223035_4900/,499000,RESEARCH INSTITUTE ,"AUGUSTA UNIVERSITY RESEARCH INSTITUTE, INC",1120 15th St,Augusta,GEORGIA,30912
2331938,https://www.usaspending.gov/award/ASST_NON_2331938_4900/,270913,RESEARCH INSTITUTE ,"AUGUSTA UNIVERSITY RESEARCH INSTITUTE, INC",1120 15th St,Augusta,GEORGIA,30912
2318232,https://www.usaspending.gov/award/ASST_NON_2318232_4900/,999875,NON-PROFIT ORGANIZATION,"COMPUTER SCIENCE TEACHERS ASSOCIATION, LLC",1601 Elm St,Dallas,NEW YORK,75201-0000
2331287,https://www.usaspending.gov/award/ASST_NON_2331287_4900/,1169896,NON-PROFIT ORGANIZATION,COUNCIL OF GRADUATE SCHOOLS,1 Dunpont Cir NW,"Washington, DC",DISTRICT OF COLUMBIA,20036
2336484,https://www.usaspending.gov/award/ASST_NON_2336484_4900/,4662695,NON-PROFIT ORGANIZATION,COUNCIL OF GRADUATE SCHOOLS,1 Dunpont Cir NW,"Washington, DC",DISTRICT OF COLUMBIA,20036
2219314,https://www.usaspending.gov/award/ASST_NON_2219314_4900/,499954,NON-PROFIT ORGANIZATION,"EDUCATION DEVELOPMENT CENTER, INC.",1025 Thomas Jefferson St NW,"Washington, DC",MASSACHUSETTS,20007
2241350,https://www.usaspending.gov/award/ASST_NON_2241350_4900/,1299525,NON-PROFIT ORGANIZATION,"EDUCATION DEVELOPMENT CENTER, INC.",1025 Thomas Jefferson St NW,"Washington, DC",MASSACHUSETTS,20007
2324183,https://www.usaspending.gov/award/ASST_NON_2324183_4900/,2013922,NON-PROFIT ORGANIZATION,"EDUCATION DEVELOPMENT CENTER, INC.",1025 Thomas Jefferson St NW,"Washington, DC",MASSACHUSETTS,20007
2330910,https://www.usaspending.gov/award/ASST_NON_2330910_4900/,99873,NON-PROFIT ORGANIZATION,"EDUCATION DEVELOPMENT CENTER, INC.",1025 Thomas Jefferson St NW,"Washington, DC",MASSACHUSETTS,20007
2321316,https://www.usaspending.gov/award/ASST_NON_2321316_4900/,49998,NON-PROFIT ORGANIZATION,ELECTRICAL & COMPUTER ENGINEERING DEPARTMENT HEADS ASSOCIATION,180 N Stetson Ave,Chicago,ILLINOIS,60601
2304076,https://www.usaspending.gov/award/ASST_NON_2304076_4900/,621118,NON-PROFIT ORGANIZATION,HISPANIC ASSOCIATION OF COLLEGES & UNIVERSITIES,4801 NW Loop 410,San Antonio,TEXAS,78229
2317076,https://www.usaspending.gov/award/ASST_NON_2317076_4900/,49997,NON-PROFIT ORGANIZATION,INCLUSIVE ENGINEERING CONSORTIUM INC,205 Daingerfield Road,Alexandria,ILLINOIS,22314
2342700,https://www.usaspending.gov/award/ASST_NON_2342700_4900/,1299941,NON-PROFIT ORGANIZATION,INSTITUTE FOR FUTURE INTELLIGENCE INC,26 Rockland St,Natick,MASSACHUSETTS,1760
2314100,https://www.usaspending.gov/award/ASST_NON_2314100_4900/,1992484,NON-PROFIT ORGANIZATION,INSTITUTE FOR LEARNING INNOVATION,9450 SW Gemini Dr,Beaverton,OREGON,97008
2130402,https://www.usaspending.gov/award/ASST_NON_2130402_4900/,1499481,NON-PROFIT ORGANIZATION,RESEARCH FOUNDATION OF THE CITY UNIVERSITY OF NEW YORK,230 W 41st St,New York,NEW YORK,10036
2150251,https://www.usaspending.gov/award/ASST_NON_2150251_4900/,369125,NON-PROFIT ORGANIZATION,RESEARCH FOUNDATION OF THE CITY UNIVERSITY OF NEW YORK,230 W 41st St,New York,NEW YORK,2892
2151945,https://www.usaspending.gov/award/ASST_NON_2151945_4900/,3000000,NON-PROFIT ORGANIZATION,RESEARCH FOUNDATION OF THE CITY UNIVERSITY OF NEW YORK,230 W 41st St,New York,NEW YORK,2892
2153668,https://www.usaspending.gov/award/ASST_NON_2153668_4900/,149994,NON-PROFIT ORGANIZATION,RESEARCH FOUNDATION OF THE CITY UNIVERSITY OF NEW YORK,230 W 41st St,New York,NEW YORK,2892
2213611,https://www.usaspending.gov/award/ASST_NON_2213611_4900/,289497,NON-PROFIT ORGANIZATION,RESEARCH FOUNDATION OF THE CITY UNIVERSITY OF NEW YORK,230 W 41st St,New York,NEW YORK,2892
2215859,https://www.usaspending.gov/award/ASST_NON_2215859_4900/,19883,NON-PROFIT ORGANIZATION,RESEARCH FOUNDATION OF THE CITY UNIVERSITY OF NEW YORK,230 W 41st St,New York,NEW YORK,2892
2216654,https://www.usaspending.gov/award/ASST_NON_2216654_4900/,2999169,NON-PROFIT ORGANIZATION,RESEARCH FOUNDATION OF THE CITY UNIVERSITY OF NEW YORK,230 W 41st St,New York,NEW YORK,2892
2216676,https://www.usaspending.gov/award/ASST_NON_2216676_4900/,997716,NON-PROFIT ORGANIZATION,RESEARCH FOUNDATION OF THE CITY UNIVERSITY OF NEW YORK,230 W 41st St,New York,NEW YORK,2892
2216838,https://www.usaspending.gov/award/ASST_NON_2216838_4900/,990544,NON-PROFIT ORGANIZATION,RESEARCH FOUNDATION OF THE CITY UNIVERSITY OF NEW YORK,230 W 41st St,New York,NEW YORK,2892
2222452,https://www.usaspending.gov/award/ASST_NON_2222452_4900/,221000,NON-PROFIT ORGANIZATION,RESEARCH FOUNDATION OF THE CITY UNIVERSITY OF NEW YORK,230 W 41st St,New York,NEW YORK,2892
2226183,https://www.usaspending.gov/award/ASST_NON_2226183_4900/,782337,NON-PROFIT ORGANIZATION,RESEARCH FOUNDATION OF THE CITY UNIVERSITY OF NEW YORK,230 W 41st St,New York,NEW YORK,2892
2247728,https://www.usaspending.gov/award/ASST_NON_2247728_4900/,300000,NON-PROFIT ORGANIZATION,RESEARCH FOUNDATION OF THE CITY UNIVERSITY OF NEW YORK,230 W 41st St,New York,NEW YORK,2892
2307748,https://www.usaspending.gov/award/ASST_NON_2307748_4900/,1427087,NON-PROFIT ORGANIZATION,RESEARCH FOUNDATION OF THE CITY UNIVERSITY OF NEW YORK,230 W 41st St,New York,NEW YORK,2892
2310991,https://www.usaspending.gov/award/ASST_NON_2310991_4900/,604088,NON-PROFIT ORGANIZATION,RESEARCH FOUNDATION OF THE CITY UNIVERSITY OF NEW YORK,230 W 41st St,New York,NEW YORK,2892
2316077,https://www.usaspending.gov/award/ASST_NON_2316077_4900/,35000,NON-PROFIT ORGANIZATION,RESEARCH FOUNDATION OF THE CITY UNIVERSITY OF NEW YORK,230 W 41st St,New York,NEW YORK,2892
2318048,https://www.usaspending.gov/award/ASST_NON_2318048_4900/,199948,NON-PROFIT ORGANIZATION,RESEARCH FOUNDATION OF THE CITY UNIVERSITY OF NEW YORK,230 W 41st St,New York,NEW YORK,2892
2318196,https://www.usaspending.gov/award/ASST_NON_2318196_4900/,699909,NON-PROFIT ORGANIZATION,RESEARCH FOUNDATION OF THE CITY UNIVERSITY OF NEW YORK,230 W 41st St,New York,NEW YORK,2892
2318300,https://www.usaspending.gov/award/ASST_NON_2318300_4900/,699469,NON-PROFIT ORGANIZATION,RESEARCH FOUNDATION OF THE CITY UNIVERSITY OF NEW YORK,230 W 41st St,New York,NEW YORK,2892
2318301,https://www.usaspending.gov/award/ASST_NON_2318301_4900/,152838,NON-PROFIT ORGANIZATION,RESEARCH FOUNDATION OF THE CITY UNIVERSITY OF NEW YORK,230 W 41st St,New York,NEW YORK,2892
2318618,https://www.usaspending.gov/award/ASST_NON_2318618_4900/,425000,NON-PROFIT ORGANIZATION,RESEARCH FOUNDATION OF THE CITY UNIVERSITY OF NEW YORK,230 W 41st St,New York,NEW YORK,2892
2322496,https://www.usaspending.gov/award/ASST_NON_2322496_4900/,998665,NON-PROFIT ORGANIZATION,RESEARCH FOUNDATION OF THE CITY UNIVERSITY OF NEW YORK,230 W 41st St,New York,NEW YORK,2892
2324052,https://www.usaspending.gov/award/ASST_NON_2324052_4900/,1800000,NON-PROFIT ORGANIZATION,RESEARCH FOUNDATION OF THE CITY UNIVERSITY OF NEW YORK,230 W 41st St,New York,NEW YORK,2892
2325822,https://www.usaspending.gov/award/ASST_NON_2325822_4900/,999997,NON-PROFIT ORGANIZATION,RESEARCH FOUNDATION OF THE CITY UNIVERSITY OF NEW YORK,230 W 41st St,New York,NEW YORK,2892
2327431,https://www.usaspending.gov/award/ASST_NON_2327431_4900/,491069,NON-PROFIT ORGANIZATION,RESEARCH FOUNDATION OF THE CITY UNIVERSITY OF NEW YORK,230 W 41st St,New York,NEW YORK,2892
2332924,https://www.usaspending.gov/award/ASST_NON_2332924_4900/,50000,NON-PROFIT ORGANIZATION,RESEARCH FOUNDATION OF THE CITY UNIVERSITY OF NEW YORK,230 W 41st St,New York,NEW YORK,2892
2345273,https://www.usaspending.gov/award/ASST_NON_2345273_4900/,499999,NON-PROFIT ORGANIZATION,RESEARCH FOUNDATION OF THE CITY UNIVERSITY OF NEW YORK,230 W 41st St,New York,NEW YORK,2892
2348999,https://www.usaspending.gov/award/ASST_NON_2348999_4900/,39206,NON-PROFIT ORGANIZATION,RESEARCH FOUNDATION OF THE CITY UNIVERSITY OF NEW YORK,230 W 41st St,New York,NEW YORK,2892
,,0,NON-PROFIT ORGANIZATION,RESEARCH FOUNDATION OF THE CITY UNIVERSITY OF NEW YORK,230 W 41st St,,,2892
,,0,NON-PROFIT ORGANIZATION,RESEARCH FOUNDATION OF THE CITY UNIVERSITY OF NEW YORK,230 W 41st St,,,2892
,,0,NON-PROFIT ORGANIZATION,RESEARCH FOUNDATION OF THE CITY UNIVERSITY OF NEW YORK,230 W 41st St,,,2892
,,0,NON-PROFIT ORGANIZATION,RESEARCH FOUNDATION OF THE CITY UNIVERSITY OF NEW YORK,230 W 41st St,,,2892
,,0,NON-PROFIT ORGANIZATION,RESEARCH FOUNDATION OF THE CITY UNIVERSITY OF NEW YORK,230 W 41st St,,,2892
,,3119442,NON-PROFIT ORGANIZATION,RESEARCH FOUNDATION OF THE CITY UNIVERSITY OF NEW YORK,230 W 41st St,New York,NEW YORK,2892
2153564,https://www.usaspending.gov/award/ASST_NON_2153564_4900/ ,12244454,NON-PROFIT ORGANIZATION,ACTIVATE GLOBAL INC,"2600 Tenth Street, Suite 300",Berkeley,CALIFORNIA,94710
2224545,https://www.usaspending.gov/award/ASST_NON_2224545_4900/ ,2550000,NON-PROFIT ORGANIZATION,"CARY INSTITUTE OF ECOSYSTEM STUDIES, INC",2801 Sharon Tpke,Millbrook,NEW YORK,12545
2233699,https://www.usaspending.gov/award/ASST_NON_2233699_4900/,1736883,NON-PROFIT ORGANIZATION,COASTAL AND ESTUARINE RESEARCH FEDERATION,2150 N 107th St,Seattle,WASHINGTON,98133
2329530,https://www.usaspending.gov/award/ASST_NON_2329530_4900/,99501,NON-PROFIT ORGANIZATION,DEEP SOUTH CENTER FOR ENVIRONMENTAL JUSTICE INC,9801 Lake Forest Blvd,New Orleans,LOUISIANA,70127
2202639,https://www.usaspending.gov/award/ASST_NON_2202639_4900/,199883,NON-PROFIT ORGANIZATION,ECOLOGICAL SOCIETY OF AMERICA INC,1990 M St NW,"Washington, DC",DISTRICT OF COLUMBIA,20036
2209643,https://www.usaspending.gov/award/ASST_NON_2209643_4900/,99549,NON-PROFIT ORGANIZATION,ECOLOGICAL SOCIETY OF AMERICA INC,1990 M St NW,"Washington, DC",DISTRICT OF COLUMBIA,20036
2226272,https://www.usaspending.gov/award/ASST_NON_2226272_4900/ ,49550,NON-PROFIT ORGANIZATION,ECOLOGICAL SOCIETY OF AMERICA INC,1990 M St NW,"Washington, DC",DISTRICT OF COLUMBIA,20036
2305495,https://www.usaspending.gov/award/ASST_NON_2305495_4900/,49975,NON-PROFIT ORGANIZATION,ECOLOGICAL SOCIETY OF AMERICA INC,1990 M St NW,"Washington, DC",DISTRICT OF COLUMBIA,20036
2111010,https://www.usaspending.gov/award/ASST_NON_2111010_4900/,99997,NON-PROFIT ORGANIZATION,RESTORE AMERICA'S ESTUARIES,5314 17th Ave NW,Seattle,VIRGINIA,98107
2310326,https://www.usaspending.gov/award/ASST_NON_2310326_4900/,239498,FOR-PROFIT ORGANIZATION,EARTH IMAGES FOUNDATION,470 Cavour St,Oakland,CALIFORNIA,94618
2344806,https://www.usaspending.gov/award/ASST_NON_2344806_4900/,97500,FOR-PROFIT ORGANIZATION,GENETICS SOCIETY OF AMERICA INC,6120 Executive Blvd,Rockville,MARYLAND,20852
2224227,https://www.usaspending.gov/award/ASST_NON_2224227_4900/,431438,FOR-PROFIT ORGANIZATION,SAGEFOX CONSULTING GROUP LLC,30 Boltwood Walk,Amherst,MASSACHUSETTS,1002
2233622,https://www.usaspending.gov/award/ASST_NON_2233622_4900/,49954,FOR-PROFIT ORGANIZATION,SAGEFOX CONSULTING GROUP LLC,30 Boltwood Walk,Amherst,MASSACHUSETTS,1002
2318593,https://www.usaspending.gov/award/ASST_NON_2318593_4900/,321832,FOR-PROFIT ORGANIZATION,SAGEFOX CONSULTING GROUP LLC,30 Boltwood Walk,Amherst,MASSACHUSETTS,1002
2200838,https://www.usaspending.gov/award/ASST_NON_2200838_4900/,2091864,INDIAN/NATIVE AMERICAN TRIBAL DESIGNATED ORGANIZATION,COEUR D'ALENE TRIBE,850 A St,Plummer,IDAHO,83851
2318478,https://www.usaspending.gov/award/ASST_NON_2318478_4900/,264424,MEDICAL CENTER,ARKANSAS CHILDREN'S RESEARCH INSTITUTE,13 Childrens Way Ste 842,Little Rock,ARKANSAS,72202
2410953,https://www.usaspending.gov/award/ASST_NON_2410953_4900/,20000,MEDICAL CENTER,VANDERBILT UNIVERSITY MEDICAL CENTER,1211 Medical Center Drive,Nashville,TENNESSEE,37232
2315165,https://www.usaspending.gov/award/ASST_NON_2315165_4900/,1000000,MEDICAL CENTER,VIRGINIA BIOTECHNOLOGY RESEARCH PARK,800 E Leigh St,Richmond,VIRGINIA,23219-1534
2315199,https://www.usaspending.gov/award/ASST_NON_2315199_4900/,397978,NON-PROFIT ORGANIZATION,NATIONAL SOCIETY OF BLACK ENGINEERS,205 Daingerfield Rd,Alexandria,VIRGINIA,22314
2341569,https://www.usaspending.gov/award/ASST_NON_2341569_4900/,598628,MUSEUM,BISHOP MUSEUM,1525 Bernice St,Honolulu,HAWAII,96817
2216721,https://www.usaspending.gov/award/ASST_NON_2216721_4900/,2982873,MUSEUM,LOS ANGELES COUNTY MUSEUM OF NATURAL HISTORY FOUNDATION,900 Exposition Blvd,Los Angeles,CALIFORNIA,90007
2215353,https://www.usaspending.gov/award/ASST_NON_2215353_4900/,299722,MUSEUM,NEW YORK HALL OF SCIENCE,47-01 111th St,Corona,NEW YORK,11368
2329473,https://www.usaspending.gov/award/ASST_NON_2329473_4900/,1245879,MUSEUM,NEW YORK HALL OF SCIENCE,47-01 111th St,Corona,NEW YORK,11368
2314307,https://www.usaspending.gov/award/ASST_NON_2314307_4900/,1999483,MUSEUM,OREGON MUSEUM OF SCIENCE AND INDUSTRY,1945 SE Water Ave,Portland,OREGON,97214
2331116,https://www.usaspending.gov/award/ASST_NON_2331116_4900/,99055,MUSEUM,OREGON MUSEUM OF SCIENCE AND INDUSTRY,1945 SE Water Ave,Portland,OREGON,97214
2244445,https://www.usaspending.gov/award/ASST_NON_2244445_4900/,249313,MUSEUM,SMITHSONIAN INSTITUTION,600 Maryland Ave SW,Washington DC,DISTRICT OF COLUMBIA,20024
2244182,https://www.usaspending.gov/award/ASST_NON_2244182_4900/,598311,MUSEUM,THE AMERICAN MUSEUM OF NATURAL HISTORY,Central Park West & 79th St,New York,NEW YORK,10024
2246258,https://www.usaspending.gov/award/ASST_NON_2246258_4900/,17103,MUSEUM,THE AMERICAN MUSEUM OF NATURAL HISTORY,Central Park West & 79th St,New York,NEW YORK,10024
2348998,https://www.usaspending.gov/award/ASST_NON_2348998_4900/,425132,MUSEUM,THE AMERICAN MUSEUM OF NATURAL HISTORY,Central Park West & 79th St,New York,NEW YORK,10024
2313979,https://www.usaspending.gov/award/ASST_NON_2313979_4900/,499231,MUSEUM,THE EXPLORATORIUM,Pier 15,San Francisco,CALIFORNIA,94111
2243586,https://www.usaspending.gov/award/ASST_NON_2243586_4900/,328693,MUSEUM,THE MORTON ARBORETUM,4100 Illinois Rte 53,Lisle,ILLINOIS,60532
2223416,https://www.usaspending.gov/award/ASST_NON_2223416_4900/,234191,NON-PROFIT ORGANIZATION,BIOINDUSTRIAL MANUFACTURING AND DESIGN ECOSYSTEM,15600 35th Ave N Ste 102,Minneapolis,CALIFORNIA,55447
2200437,https://www.usaspending.gov/award/ASST_NON_2200437_4900/,1344756,NON-PROFIT ORGANIZATION,"CHILD TRENDS, INCORPORATED",7315 Wisconsin Ave,Bethesda,MARYLAND,20814
2244705,https://www.usaspending.gov/award/ASST_NON_2244705_4900/,450000,NON-PROFIT ORGANIZATION,"CHILD TRENDS, INCORPORATED",7315 Wisconsin Ave,Bethesda,MARYLAND,20814
2216349,https://www.usaspending.gov/award/ASST_NON_2216349_4900/,179574,RESEARCH INSTITUTE ,COLD SPRING HARBOR LABORATORY,1 Bungtown Rd,Cold Spring Harbor,NEW YORK,11724
2216612,https://www.usaspending.gov/award/ASST_NON_2216612_4900/,2253156,RESEARCH INSTITUTE ,COLD SPRING HARBOR LABORATORY,1 Bungtown Rd,Cold Spring Harbor,NEW YORK,11724
2321087,https://www.usaspending.gov/award/ASST_NON_2321087_4900/,221100,NON-PROFIT ORGANIZATION,GLOBAL PHILANTHROPY PARTNERSHIP,643 W Arlington Pl,Chicago,ILLINOIS,60614
2314239,https://www.usaspending.gov/award/ASST_NON_2314239_4900/,1287634,NON-PROFIT ORGANIZATION,"GREATER WASHINGTON EDUCATIONAL TELECOMMUNICATIONS ASSOCIATION, INC.",3939 Campbell Ave,Arlington,VIRGINIA,22206
2218139,https://www.usaspending.gov/award/ASST_NON_2218139_4900/,229167,NON-PROFIT ORGANIZATION,"HISTORY OF SCIENCE SOCIETY, INC",315 Chestnut Street,Philadelphia,INDIANA,46556
2228242,https://www.usaspending.gov/award/ASST_NON_2228242_4900/,49830,NON-PROFIT ORGANIZATION,LINGUISTIC SOCIETY OF AMERICA,522 21st St NW,"Washington, DC",DISTRICT OF COLUMBIA,20006
2336207,https://www.usaspending.gov/award/ASST_NON_2336207_4900/,41250,NON-PROFIT ORGANIZATION,LINGUISTIC SOCIETY OF AMERICA,522 21st St NW,"Washington, DC",DISTRICT OF COLUMBIA,20006
2150358,https://www.usaspending.gov/award/ASST_NON_2150358_4900/,529225,NON-PROFIT ORGANIZATION,LOUISIANA UNIVERSITIES MARINE CONSORTIUM,8124 Highway 56,Chauvin,LOUISIANA,70344
2319639,https://www.usaspending.gov/award/ASST_NON_2319639_4900/,600000,NON-PROFIT ORGANIZATION,NATIONAL CONSORTIUM FOR GRADUATE DEGREES FOR MINORITIES IN ENGINEERING AND SCIENCE INC.,1430 Duke St,Alexandria,VIRGINIA,22314
2331195,https://www.usaspending.gov/award/ASST_NON_2331195_4900/,1078880,RESEARCH INSTITUTE ,PUBLIC POLICY LAB,20 Jay St,Brooklyn,NEW YORK,11201
2243212,https://www.usaspending.gov/award/ASST_NON_2243212_4900/,69562,NON-PROFIT ORGANIZATION,QUALITY EDUCATION FOR MINORITIES NETWORK (INC),1818 N St NW,"Washington, DC",DISTRICT OF COLUMBIA,20036-2404
2329716,https://www.usaspending.gov/award/ASST_NON_2329716_4900/,99535,NON-PROFIT ORGANIZATION,QUALITY EDUCATION FOR MINORITIES NETWORK (INC),1818 N St NW,"Washington, DC",DISTRICT OF COLUMBIA,20036-2404
2334587,https://www.usaspending.gov/award/ASST_NON_2334587_4900/,1188788,NON-PROFIT ORGANIZATION,QUALITY EDUCATION FOR MINORITIES NETWORK (INC),1818 N St NW,"Washington, DC",DISTRICT OF COLUMBIA,20036-2404
2315760,https://www.usaspending.gov/award/ASST_NON_2315760_4900/,15000000,NON-PROFIT ORGANIZATION,ROCKY MOUNTAIN INNOVATION INITIATIVE INC,320 E Vine Dr,Fort Collins,COLORADO,80524
2334744,https://www.usaspending.gov/award/ASST_NON_2334744_4900/,49896,NON-PROFIT ORGANIZATION,SEEDAI INC,507 L St Nw,"Washington, DC",DISTRICT OF COLUMBIA,20001-4087
2234351,https://www.usaspending.gov/award/ASST_NON_2234351_4900/,161159,NON-PROFIT ORGANIZATION,SOCIETY FOR PERSONALITY & SOCIAL PSYCHOLOGY INC,2021 L St NW,"Washington, DC",DISTRICT OF COLUMBIA,20036-3914
2310386,https://www.usaspending.gov/award/ASST_NON_2310386_4900/,1893997,NON-PROFIT ORGANIZATION,SOCIETY OF WOMEN ENGINEERS,130 E Randolph St,Chicago,ILLINOIS,60601
2225405,https://www.usaspending.gov/award/ASST_NON_2225405_4900/,558000,NON-PROFIT ORGANIZATION,THE AEROSPACE CORPORATION,2310 E El Segundo Blvd,El Segundo,CALIFORNIA,90245-4609
2323037,https://www.usaspending.gov/award/ASST_NON_2323037_4900/,895841,NON-PROFIT ORGANIZATION,"THE GEOLOGICAL SOCIETY OF AMERICA, INC.",3300 Penrose Place,Boulder,COLORADO,80301
2329987,https://www.usaspending.gov/award/ASST_NON_2329987_4900/,199657,NON-PROFIT ORGANIZATION,"THE GEOLOGICAL SOCIETY OF AMERICA, INC.",3300 Penrose Place,Boulder,COLORADO,80301
2327579,https://www.usaspending.gov/award/ASST_NON_2327579_4900/,299941,NON-PROFIT ORGANIZATION,"THE GLOBAL FUND FOR WOMEN, INC.",800 Market St,San Francisco,CALIFORNIA,94102
2230811,https://www.usaspending.gov/award/ASST_NON_2230811_4900/,49297,NON-PROFIT ORGANIZATION,THE MARINE BIOLOGICAL LABORATORY,100 Water St,Woods Hole,MASSACHUSETTS,2543
2231647,https://www.usaspending.gov/award/ASST_NON_2231647_4900/,35959,NON-PROFIT ORGANIZATION,THE OCEANOGRAPHY SOCIETY,104 Lynch St,Rockville,MARYLAND,20850
2401551,https://www.usaspending.gov/award/ASST_NON_2401551_4900/,74935,NON-PROFIT ORGANIZATION,THE RAND CORPORATION,1776 Main St,Santa Monica,CALIFORNIA,90401
2148971,https://www.usaspending.gov/award/ASST_NON_2148971_4900/,400000,NON-PROFIT ORGANIZATION,THE URBAN INSTITUTE,500 Lenfant Plz SW,"Washington, DC",DISTRICT OF COLUMBIA,20024
2153337,https://www.usaspending.gov/award/ASST_NON_2153337_4900/,12398000,NON-PROFIT ORGANIZATION,UNIVERSITY CORPORATION FOR ATMOSPHERIC RESEARCH,3080 Center Green Dr,Boulder,COLORADO,80301
2230301,https://www.usaspending.gov/award/ASST_NON_2230301_4900/,1243889,NON-PROFIT ORGANIZATION,UNIVERSITY CORPORATION FOR ATMOSPHERIC RESEARCH,3080 Center Green Dr,Boulder,COLORADO,80301
2243364,https://www.usaspending.gov/award/ASST_NON_2243364_4900/,888027,NON-PROFIT ORGANIZATION,UNIVERSITY CORPORATION FOR ATMOSPHERIC RESEARCH,3080 Center Green Dr,Boulder,COLORADO,80301
2308306,https://www.usaspending.gov/award/ASST_NON_2308306_4900/,215044,NON-PROFIT ORGANIZATION,UNIVERSITY CORPORATION FOR ATMOSPHERIC RESEARCH,3080 Center Green Dr,Boulder,COLORADO,80301
2324303,https://www.usaspending.gov/award/ASST_NON_2324303_4900/,710411,NON-PROFIT ORGANIZATION,UNIVERSITY CORPORATION FOR ATMOSPHERIC RESEARCH,3080 Center Green Dr,Boulder,COLORADO,80301
2324657,https://www.usaspending.gov/award/ASST_NON_2324657_4900/,356236,NON-PROFIT ORGANIZATION,UNIVERSITY CORPORATION FOR ATMOSPHERIC RESEARCH,3080 Center Green Dr,Boulder,COLORADO,80301
2229833,https://www.usaspending.gov/award/ASST_NON_2229833_4900/,299636,NON-PROFIT ORGANIZATION,"US IGNITE, INC.",1150 18th St NW,"Washington, DC",DISTRICT OF COLUMBIA,20036
2331050,https://www.usaspending.gov/award/ASST_NON_2331050_4900/,50000,NON-PROFIT ORGANIZATION,USENIX ASSOCIATION,2560 9th St,Berkeley,WASHINGTON,94710
2328080,https://www.usaspending.gov/award/ASST_NON_2328080_4900/,100000,NON-PROFIT ORGANIZATION,WESTED,730 Harrison St,San Francisco,CALIFORNIA,94107
2342550,https://www.usaspending.gov/award/ASST_NON_2342550_4900/,269470,NON-PROFIT ORGANIZATION,WESTED,730 Harrison St,San Francisco,CALIFORNIA,94107
2230388,https://www.usaspending.gov/award/ASST_NON_2230388_4900/,49960,NON-PROFIT ORGANIZATOIN,THE MATHEMATICAL ASSOCIATION OF AMERICA ,11 Dunpont Circle NW,"Washington, DC",DISTRICT OF COLUMBIA,20036
2333129,https://www.usaspending.gov/award/ASST_NON_2333129_4900/,49736,NON-PROFIT ORGANIZATOIN,THE MATHEMATICAL ASSOCIATION OF AMERICA,11 Dunpont Circle NW,"Washington, DC",DISTRICT OF COLUMBIA,20036
2334336,https://www.usaspending.gov/award/ASST_NON_2334336_4900/,50000,NON-PROFIT ORGANIZATOIN,THE MITRE CORPORATION,7515 Colshire Dr,McLean,VIRGINIA,22102
2226451,https://www.usaspending.gov/award/ASST_NON_2226451_4900/,444038,NON-PROFIT ORGANIZATOIN,THE MITRE CORPORATION,330 N Orchard St,Madison,WISCONSIN,53715
2144216,https://www.usaspending.gov/award/ASST_NON_2144216_4900/,500000,RESEARCH INSTITUTE ,WEST VIRGINIA UNIVERSITY RESEARCH CORPORATION,886 Chestnut Ridge Road,Morgantown,WEST VIRGINIA,26506
2235681,https://www.usaspending.gov/award/ASST_NON_2235681_4900/,150962,RESEARCH INSTITUTE ,WEST VIRGINIA UNIVERSITY RESEARCH CORPORATION,886 Chestnut Ridge Road,Morgantown,WEST VIRGINIA,26506
2240675,https://www.usaspending.gov/award/ASST_NON_2240675_4900/,409186,RESEARCH INSTITUTE ,WEST VIRGINIA UNIVERSITY RESEARCH CORPORATION,886 Chestnut Ridge Road,Morgantown,WEST VIRGINIA,26506
2241535,https://www.usaspending.gov/award/ASST_NON_2241535_4900/,176143,RESEARCH INSTITUTE ,WEST VIRGINIA UNIVERSITY RESEARCH CORPORATION,886 Chestnut Ridge Road,Morgantown,WEST VIRGINIA,26506
2246348,https://www.usaspending.gov/award/ASST_NON_2246348_4900/,133865,RESEARCH INSTITUTE ,WEST VIRGINIA UNIVERSITY RESEARCH CORPORATION,886 Chestnut Ridge Road,Morgantown,WEST VIRGINIA,26506
2310939,https://www.usaspending.gov/award/ASST_NON_2310939_4900/,96721,RESEARCH INSTITUTE ,WEST VIRGINIA UNIVERSITY RESEARCH CORPORATION,886 Chestnut Ridge Road,Morgantown,WEST VIRGINIA,26506
2315950,https://www.usaspending.gov/award/ASST_NON_2315950_4900/,63609,RESEARCH INSTITUTE ,WEST VIRGINIA UNIVERSITY RESEARCH CORPORATION,886 Chestnut Ridge Road,Morgantown,WEST VIRGINIA,26506
2318708,https://www.usaspending.gov/award/ASST_NON_2318708_4900/,249999,RESEARCH INSTITUTE ,WEST VIRGINIA UNIVERSITY RESEARCH CORPORATION,886 Chestnut Ridge Road,Morgantown,WEST VIRGINIA,26506
2320120,https://www.usaspending.gov/award/ASST_NON_2320120_4900/,350000,RESEARCH INSTITUTE ,WEST VIRGINIA UNIVERSITY RESEARCH CORPORATION,886 Chestnut Ridge Road,Morgantown,WEST VIRGINIA,26506
2344563,https://www.usaspending.gov/award/ASST_NON_2344563_4900/,252331,RESEARCH INSTITUTE ,WEST VIRGINIA UNIVERSITY RESEARCH CORPORATION,886 Chestnut Ridge Road,Morgantown,WEST VIRGINIA,26506
2230035,https://www.usaspending.gov/award/ASST_NON_2230035_4900/,319434,RESEARCH INSTITUTE ,WOODWELL CLIMATE RESEARCH CENTER INC,149 Woods Hole Rd,Falmouth,MASSACHUSETTS,2540
2224093,https://www.usaspending.gov/award/ASST_NON_2224093_4900/,12790178,NON-PROFIT ORGANIZATION,AMERICAN ASSOCIATION FOR THE ADVANCEMENT OF SCIENCE,1200 New York Ave NW,"Washington, DC",DISTRICT OF COLUMBIA,20005
2318434,https://www.usaspending.gov/award/ASST_NON_2318434_4900/,49923,NON-PROFIT ORGANIZATION,AMERICAN ASSOCIATION FOR THE ADVANCEMENT OF SCIENCE,1200 New York Ave NW,"Washington, DC",DISTRICT OF COLUMBIA,20005
2332409,https://www.usaspending.gov/award/ASST_NON_2332409_4900/,1510230,NON-PROFIT ORGANIZATION,AMERICAN ASSOCIATION FOR THE ADVANCEMENT OF SCIENCE,1200 New York Ave NW,"Washington, DC",DISTRICT OF COLUMBIA,20005
2222021,https://www.usaspending.gov/award/ASST_NON_2222021_4900/,49565,NON-PROFIT ORGANIZATION,AMERICAN GEOPHYSICAL UNION,2000 Florida Avenue NW,"Washington, DC",DISTRICT OF COLUMBIA,20009
2226281,https://www.usaspending.gov/award/ASST_NON_2226281_4900/,50000,NON-PROFIT ORGANIZATION,AMERICAN GEOPHYSICAL UNION,2000 Florida Avenue NW,"Washington, DC",DISTRICT OF COLUMBIA,20009
2231692,https://www.usaspending.gov/award/ASST_NON_2231692_4900/,99992,NON-PROFIT ORGANIZATION,AMERICAN GEOPHYSICAL UNION,2000 Florida Avenue NW,"Washington, DC",DISTRICT OF COLUMBIA,20009
2334207,https://www.usaspending.gov/award/ASST_NON_2334207_4900/,28473,NON-PROFIT ORGANIZATION,AMERICAN GEOPHYSICAL UNION,2000 Florida Avenue NW,"Washington, DC",DISTRICT OF COLUMBIA,20009
2134624,https://www.usaspending.gov/award/ASST_NON_2134624_4900/,1543276,NON-PROFIT ORGANIZATION,AMERICAN INDIAN SCIENCE & ENGINEERING SOCIETY,"6321 Riverside Plaza Ln NW, Suite L1-A",Albuquerque,NEW MEXICO,87120-2642
2303588,https://www.usaspending.gov/award/ASST_NON_2303588_4900/,99963,NON-PROFIT ORGANIZATION,"AMERICAN INSTITUTE OF BIOLOGICAL SCIENCES, INC.","950 Herndon Parkway, Suite 450",Herndon,VIRGINIA,20170
2335858,https://www.usaspending.gov/award/ASST_NON_2335858_4900/,47250,NON-PROFIT ORGANIZATION,AMERICAN INSTITUTE OF CHEMICAL ENGINEERS,3 Park Ave,New York,NEW YORK,10016
2317570,https://www.usaspending.gov/award/ASST_NON_2317570_4900/,100,NON-PROFIT ORGANIZATION,AMERICAN INSTITUTE OF MATHEMATICS,1200 E California Blvd,Pasadena,CALIFORNIA,91125
2208926,https://www.usaspending.gov/award/ASST_NON_2208926_4900/,51066,NON-PROFIT ORGANIZATION,AMERICAN INSTITUTE OF PHYSICS INCORPORATED,1 Physics Ellipse,College Park,MARYLAND,20740
2200895,https://www.usaspending.gov/award/ASST_NON_2200895_4900/,691489,NON-PROFIT ORGANIZATION,AMERICAN INSTITUTES FOR RESEARCH IN THE BEHAVIORAL SCIENCES,1400 Crystal Drive,Arlington,VIRGINIA,22202-3289
2314254,https://www.usaspending.gov/award/ASST_NON_2314254_4900/,158053,NON-PROFIT ORGANIZATION,AMERICAN INSTITUTES FOR RESEARCH IN THE BEHAVIORAL SCIENCES,1401 Crystal Drive,Arlington,VIRGINIA,22202-3290
2318064,https://www.usaspending.gov/award/ASST_NON_2318064_4900/,647311,NON-PROFIT ORGANIZATION,AMERICAN INSTITUTES FOR RESEARCH IN THE BEHAVIORAL SCIENCES,1402 Crystal Drive,Arlington,VIRGINIA,22202-3291
2228226,https://www.usaspending.gov/award/ASST_NON_2228226_4900/,49920,NON-PROFIT ORGANIZATION,AMERICAN MATHEMATICAL ASSOCIATION OF TWO-YEAR COLLEGES,5983 Macon Cv,Memphis,TENNESSEE,38134
2221709,https://www.usaspending.gov/award/ASST_NON_2221709_4900/,49951,NON-PROFIT ORGANIZATION,"AMERICAN METEOROLOGICAL SOCIETY, INC.",1200 New York Ave NW,"Washington, DC",MASSACHUSETTS,20005
2141678,https://www.usaspending.gov/award/ASST_NON_2141678_4900/,784027,NON-PROFIT ORGANIZATION,AMERICAN PHYSICAL SOCIETY,1 Physics Ellipse,College Park,MARYLAND,20740
2300608,https://www.usaspending.gov/award/ASST_NON_2300608_4900/,925207,NON-PROFIT ORGANIZATION,AMERICAN PHYSICAL SOCIETY,1 Physics Ellipse,College Park,MARYLAND,20740
2317099,https://www.usaspending.gov/award/ASST_NON_2317099_4900/,942221,NON-PROFIT ORGANIZATION,AMERICAN POLITICAL SCIENCE ASSOCIATION,1527 New Hampshire Ave NW,"Washington, DC",DISTRICT OF COLUMBIA,20036
2201103,https://www.usaspending.gov/award/ASST_NON_2201103_4900/,124241,NON-PROFIT ORGANIZATION,AMERICAN SOCIETY FOR ENGINEERING EDUCATION,1818 N St NW Ste 600,"Washington, DC",DISTRICT OF COLUMBIA,20036
2232103,https://www.usaspending.gov/award/ASST_NON_2232103_4900/,99414,NON-PROFIT ORGANIZATION,AMERICAN SOCIETY FOR ENGINEERING EDUCATION,1818 N St NW Ste 600,"Washington, DC",DISTRICT OF COLUMBIA,20036
2233087,https://www.usaspending.gov/award/ASST_NON_2233087_4900/,247388,NON-PROFIT ORGANIZATION,AMERICAN SOCIETY FOR ENGINEERING EDUCATION,1818 N St NW Ste 600,"Washington, DC",DISTRICT OF COLUMBIA,20036
2233509,https://www.usaspending.gov/award/ASST_NON_2233509_4900/,499985,NON-PROFIT ORGANIZATION,AMERICAN SOCIETY FOR MICROBIOLOGY,1752 N St NW,"Washington, DC",DISTRICT OF COLUMBIA,20036
2334267,https://www.usaspending.gov/award/ASST_NON_2334267_4900/,8661255,NON-PROFIT ORGANIZATION,ASSOCIATED UNIVERSITIES INC,1400 16th St NW Ste 730,"Washington, DC",DISTRICT OF COLUMBIA,20036
2324401,https://www.usaspending.gov/award/ASST_NON_2324401_4900/,77205,NON-PROFIT ORGANIZATION,THE ASSOCIATION OF AMERICAN GEOGRAPHERS,1701 Pennsylvania Ave NW,"Washington, DC",DISTRICT OF COLUMBIA,20006
2241456,https://www.usaspending.gov/award/ASST_NON_2241456_4900/,315151,NON-PROFIT ORGANIZATION,BIGELOW LABORATORY FOR OCEAN SCIENCES,60 Bigelow Dr,East Boothbay,MAINE,4544
2244322,https://www.usaspending.gov/award/ASST_NON_2244322_4900/,306393,NON-PROFIT ORGANIZATION,CARNEGIE INSTITUTION OF WASHINGTON,5241 Broad Branch Rd. NW,"Washington, DC",DISTRICT OF COLUMBIA,20015
2244275,https://www.usaspending.gov/award/ASST_NON_2244275_4900/,272309,NON-PROFIT ORGANIZATION,DONALD DANFORTH PLANT SCIENCE CENTER,975 N Warson Rd,Saint Louis,MISSOURI,63132
2221949,https://www.usaspending.gov/award/ASST_NON_2221949_4900/,499863,NON-PROFIT ORGANIZATION,EARTHSCOPE CONSORTIUM INC.,1200 New York Ave NW,"Washington, DC",DISTRICT OF COLUMBIA,20005
2219650,https://www.usaspending.gov/award/ASST_NON_2219650_4900/,28301,NON-PROFIT ORGANIZATION,FEDERATION OF AMERICAN SOCIETIES FOR EXPERIMENTAL BIOLOGY,PO Box 2288,Rockville,MARYLAND,20847
2334679,https://www.usaspending.gov/award/ASST_NON_2334679_4900/,499568,NON-PROFIT ORGANIZATION,FEDERATION OF AMERICAN SOCIETIES FOR EXPERIMENTAL BIOLOGY,PO Box 2288,Rockville,MARYLAND,20847
2216852,https://www.usaspending.gov/award/ASST_NON_2216852_4900/,25000,NON-PROFIT ORGANIZATION,GORDON RESEARCH CONFERENCES,512 Liberty Lane,West Kingston,RHODE ISLAND,2892
2224177,https://www.usaspending.gov/award/ASST_NON_2224177_4900/,40000,NON-PROFIT ORGANIZATION,GORDON RESEARCH CONFERENCES,512 Liberty Lane,West Kingston,RHODE ISLAND,2892
2227820,https://www.usaspending.gov/award/ASST_NON_2227820_4900/,9120,NON-PROFIT ORGANIZATION,GORDON RESEARCH CONFERENCES,512 Liberty Lane,West Kingston,RHODE ISLAND,2892
2231280,https://www.usaspending.gov/award/ASST_NON_2231280_4900/,15000,NON-PROFIT ORGANIZATION,GORDON RESEARCH CONFERENCES,512 Liberty Lane,West Kingston,RHODE ISLAND,2892
2233905,https://www.usaspending.gov/award/ASST_NON_2233905_4900/,20600,NON-PROFIT ORGANIZATION,GORDON RESEARCH CONFERENCES,512 Liberty Lane,West Kingston,RHODE ISLAND,2892
2241023,https://www.usaspending.gov/award/ASST_NON_2241023_4900/,20000,NON-PROFIT ORGANIZATION,GORDON RESEARCH CONFERENCES,512 Liberty Lane,West Kingston,RHODE ISLAND,2892
2242530,https://www.usaspending.gov/award/ASST_NON_2242530_4900/,20000,NON-PROFIT ORGANIZATION,GORDON RESEARCH CONFERENCES,512 Liberty Lane,West Kingston,RHODE ISLAND,2892
2244772,https://www.usaspending.gov/award/ASST_NON_2244772_4900/,20000,NON-PROFIT ORGANIZATION,GORDON RESEARCH CONFERENCES,512 Liberty Lane,West Kingston,RHODE ISLAND,2892
2246034,https://www.usaspending.gov/award/ASST_NON_2246034_4900/,20000,NON-PROFIT ORGANIZATION,GORDON RESEARCH CONFERENCES,512 Liberty Lane,West Kingston,RHODE ISLAND,2892
2246411,https://www.usaspending.gov/award/ASST_NON_2246411_4900/,10030,NON-PROFIT ORGANIZATION,GORDON RESEARCH CONFERENCES,512 Liberty Lane,West Kingston,RHODE ISLAND,2892
2301090,https://www.usaspending.gov/award/ASST_NON_2301090_4900/,46080,NON-PROFIT ORGANIZATION,GORDON RESEARCH CONFERENCES,512 Liberty Lane,West Kingston,RHODE ISLAND,2892
2311961,https://www.usaspending.gov/award/ASST_NON_2311961_4900/,119520,NON-PROFIT ORGANIZATION,GORDON RESEARCH CONFERENCES,512 Liberty Lane,West Kingston,RHODE ISLAND,2892
2316830,https://www.usaspending.gov/award/ASST_NON_2316830_4900/,10200,NON-PROFIT ORGANIZATION,GORDON RESEARCH CONFERENCES,512 Liberty Lane,West Kingston,RHODE ISLAND,2892
2316958,https://www.usaspending.gov/award/ASST_NON_2316958_4900/,26050,NON-PROFIT ORGANIZATION,GORDON RESEARCH CONFERENCES,512 Liberty Lane,West Kingston,RHODE ISLAND,2892
2318013,https://www.usaspending.gov/award/ASST_NON_2318013_4900/,16260,NON-PROFIT ORGANIZATION,GORDON RESEARCH CONFERENCES,512 Liberty Lane,West Kingston,RHODE ISLAND,2892
2318184,https://www.usaspending.gov/award/ASST_NON_2318184_4900/,20000,NON-PROFIT ORGANIZATION,GORDON RESEARCH CONFERENCES,512 Liberty Lane,West Kingston,RHODE ISLAND,2892
2320707,https://www.usaspending.gov/award/ASST_NON_2320707_4900/,40025,NON-PROFIT ORGANIZATION,GORDON RESEARCH CONFERENCES,512 Liberty Lane,West Kingston,RHODE ISLAND,2892
2325516,https://www.usaspending.gov/award/ASST_NON_2325516_4900/,10000,NON-PROFIT ORGANIZATION,GORDON RESEARCH CONFERENCES,512 Liberty Lane,West Kingston,RHODE ISLAND,2892
2327975,https://www.usaspending.gov/award/ASST_NON_2327975_4900/,7500,NON-PROFIT ORGANIZATION,GORDON RESEARCH CONFERENCES,512 Liberty Lane,West Kingston,RHODE ISLAND,2892
2332606,https://www.usaspending.gov/award/ASST_NON_2332606_4900/,20000,NON-PROFIT ORGANIZATION,GORDON RESEARCH CONFERENCES,512 Liberty Lane,West Kingston,RHODE ISLAND,2892
2334509,https://www.usaspending.gov/award/ASST_NON_2334509_4900/,10000,NON-PROFIT ORGANIZATION,GORDON RESEARCH CONFERENCES,512 Liberty Lane,West Kingston,RHODE ISLAND,2892
2344507,https://www.usaspending.gov/award/ASST_NON_2344507_4900/,44810,NON-PROFIT ORGANIZATION,GORDON RESEARCH CONFERENCES,512 Liberty Lane,West Kingston,RHODE ISLAND,2892
2400749,https://www.usaspending.gov/award/ASST_NON_2400749_4900/,14585,NON-PROFIT ORGANIZATION,GORDON RESEARCH CONFERENCES,512 Liberty Lane,West Kingston,RHODE ISLAND,2892
2401291,https://www.usaspending.gov/award/ASST_NON_2401291_4900/,29000,NON-PROFIT ORGANIZATION,GORDON RESEARCH CONFERENCES,512 Liberty Lane,West Kingston,RHODE ISLAND,2892
2402308,https://www.usaspending.gov/award/ASST_NON_2402308_4900/,12000,NON-PROFIT ORGANIZATION,GORDON RESEARCH CONFERENCES,512 Liberty Lane,West Kingston,RHODE ISLAND,2892
2420094,https://www.usaspending.gov/award/ASST_NON_2420094_4900/,10000,NON-PROFIT ORGANIZATION,GORDON RESEARCH CONFERENCES,512 Liberty Lane,West Kingston,RHODE ISLAND,2892
2314101,https://www.usaspending.gov/award/ASST_NON_2314101_4900/,249995,RESEARCH INSTITUTE ,KNOLOGY LTD,40 Exchange Pl,New York,NEW YORK,10005
2335009,https://www.usaspending.gov/award/ASST_NON_2335009_4900/,76988,RESEARCH INSTITUTE ,KNOLOGY LTD,40 Exchange Pl,New York,NEW YORK,10005
2150347,https://www.usaspending.gov/award/ASST_NON_2150347_4900/,326755,NON-PROFIT ORGANIZATION,MARINE ENVIRONMENTAL SCIENCES CONSORTIUM,101 Bienville Blvd,Dauphin Island,ALABAMA,36528
2214718,https://www.usaspending.gov/award/ASST_NON_2214718_4900/,8000,NON-PROFIT ORGANIZATION,MATERIALS RESEARCH SOCIETY,506 Keystone Drive,Warrendale,PENNSYLVANIA,15086-7537
2219635,https://www.usaspending.gov/award/ASST_NON_2219635_4900/,17840,NON-PROFIT ORGANIZATION,MATERIALS RESEARCH SOCIETY,506 Keystone Drive,Warrendale,PENNSYLVANIA,
2227544,https://www.usaspending.gov/award/ASST_NON_2227544_4900/,10000,NON-PROFIT ORGANIZATION,MATERIALS RESEARCH SOCIETY,506 Keystone Drive,Warrendale,PENNSYLVANIA,
2316747,https://www.usaspending.gov/award/ASST_NON_2316747_4900/,18100,NON-PROFIT ORGANIZATION,MATERIALS RESEARCH SOCIETY,506 Keystone Drive,Warrendale,PENNSYLVANIA,
2327153,https://www.usaspending.gov/award/ASST_NON_2327153_4900/,10000,NON-PROFIT ORGANIZATION,MATERIALS RESEARCH SOCIETY,506 Keystone Drive,Warrendale,PENNSYLVANIA,
2317572,https://www.usaspending.gov/award/ASST_NON_2317572_4900/,100,RESEARCH INSTITUTE ,MATHEMATICAL SCIENCES RESEARCH INSTITUTE,17 Gauss Way,Berkeley,CALIFORNIA,94720
2316628,https://www.usaspending.gov/award/ASST_NON_2316628_4900/,15000,NON-PROFIT ORGANIZATION,MINERALS METALS & MATERIALS SOCIETY INC,5700 Corporate Dr,Pittsburgh,PENNSYLVANIA,15237
2326028,https://www.usaspending.gov/award/ASST_NON_2326028_4900/,419799,RESEARCH INSTITUTE ,MONTEREY BAY AQUARIUM RESEARCH INSTITUTE,7700 Sandholdt Rd,Moss Landing,CALIFORNIA,95039
2315432,https://www.usaspending.gov/award/ASST_NON_2315432_4900/,399934,RESEARCH INSTITUTE ,"MOTE MARINE LABORATORY, INC.",1600 Ken Thompson Parkway,Sarasota,FLORIDA,34236
2325316,https://www.usaspending.gov/award/ASST_NON_2325316_4900/,397905,RESEARCH INSTITUTE ,"MOTE MARINE LABORATORY, INC.",1600 Ken Thompson Parkway,Sarasota,FLORIDA,34236
2205648,https://www.usaspending.gov/award/ASST_NON_2205648_4900/,110000,NON-PROFIT ORGANIZATION,NATIONAL ACADEMY OF SCIENCES,2101 Constitution Ave NW,"Washington, DC",DISTRICT OF COLUMBIA,20418
2221890,https://www.usaspending.gov/award/ASST_NON_2221890_4900/,49977,NON-PROFIT ORGANIZATION,NATIONAL ACADEMY OF SCIENCES,2101 Constitution Ave NW,"Washington, DC",DISTRICT OF COLUMBIA,
2234961,https://www.usaspending.gov/award/ASST_NON_2234961_4900/,250000,NON-PROFIT ORGANIZATION,NATIONAL ACADEMY OF SCIENCES,2101 Constitution Ave NW,"Washington, DC",DISTRICT OF COLUMBIA,
2235560,https://www.usaspending.gov/award/ASST_NON_2235560_4900/,179999,NON-PROFIT ORGANIZATION,NATIONAL ACADEMY OF SCIENCES,2101 Constitution Ave NW,"Washington, DC",DISTRICT OF COLUMBIA,
2309335,https://www.usaspending.gov/award/ASST_NON_2309335_4900/,469115,NON-PROFIT ORGANIZATION,NATIONAL ACADEMY OF SCIENCES,2101 Constitution Ave NW,"Washington, DC",DISTRICT OF COLUMBIA,
2320884,https://www.usaspending.gov/award/ASST_NON_2320884_4900/,100000,NON-PROFIT ORGANIZATION,NATIONAL ACADEMY OF SCIENCES,2101 Constitution Ave NW,"Washington, DC",DISTRICT OF COLUMBIA,
2329910,https://www.usaspending.gov/award/ASST_NON_2329910_4900/,725000,NON-PROFIT ORGANIZATION,NATIONAL ACADEMY OF SCIENCES,2101 Constitution Ave NW,"Washington, DC",DISTRICT OF COLUMBIA,
2333305,https://www.usaspending.gov/award/ASST_NON_2333305_4900/,151527,NON-PROFIT ORGANIZATION,NATIONAL ACADEMY OF SCIENCES,2101 Constitution Ave NW,"Washington, DC",DISTRICT OF COLUMBIA,
2335727,https://www.usaspending.gov/award/ASST_NON_2335727_4900/,49000,NON-PROFIT ORGANIZATION,NATIONAL ACADEMY OF SCIENCES,2101 Constitution Ave NW,"Washington, DC",DISTRICT OF COLUMBIA,
2117083,https://www.usaspending.gov/award/ASST_NON_2117083_4900/,24984,NON-PROFIT ORGANIZATION,NATIONAL BUREAU OF ECONOMIC RESEARCH INC,1050 Massachusetts Ave,Cambridge,MASSACHUSETTS,2138
2144072,https://www.usaspending.gov/award/ASST_NON_2144072_4900/,422745,NON-PROFIT ORGANIZATION,NATIONAL BUREAU OF ECONOMIC RESEARCH INC,1050 Massachusetts Ave,Cambridge,MASSACHUSETTS,
2214952,https://www.usaspending.gov/award/ASST_NON_2214952_4900/,500000,NON-PROFIT ORGANIZATION,NATIONAL BUREAU OF ECONOMIC RESEARCH INC,1050 Massachusetts Ave,Cambridge,MASSACHUSETTS,
2232647,https://www.usaspending.gov/award/ASST_NON_2232647_4900/,341409,NON-PROFIT ORGANIZATION,NATIONAL BUREAU OF ECONOMIC RESEARCH INC,1050 Massachusetts Ave,Cambridge,MASSACHUSETTS,
2238373,https://www.usaspending.gov/award/ASST_NON_2238373_4900/,376354,NON-PROFIT ORGANIZATION,NATIONAL BUREAU OF ECONOMIC RESEARCH INC,1050 Massachusetts Ave,Cambridge,MASSACHUSETTS,
2241521,https://www.usaspending.gov/award/ASST_NON_2241521_4900/ ,201410,NON-PROFIT ORGANIZATION,NATIONAL BUREAU OF ECONOMIC RESEARCH INC,1050 Massachusetts Ave,Cambridge,MASSACHUSETTS,
2242443,https://www.usaspending.gov/award/ASST_NON_2242443_4900/,513030,NON-PROFIT ORGANIZATION,NATIONAL BUREAU OF ECONOMIC RESEARCH INC,1050 Massachusetts Ave,Cambridge,MASSACHUSETTS,
2242542,https://www.usaspending.gov/award/ASST_NON_2242542_4900/,368490,NON-PROFIT ORGANIZATION,NATIONAL BUREAU OF ECONOMIC RESEARCH INC,1050 Massachusetts Ave,Cambridge,MASSACHUSETTS,
2315269,https://www.usaspending.gov/award/ASST_NON_2315269_4900/,937867,NON-PROFIT ORGANIZATION,NATIONAL BUREAU OF ECONOMIC RESEARCH INC,1050 Massachusetts Ave,Cambridge,MASSACHUSETTS,
2315346,https://www.usaspending.gov/award/ASST_NON_2315346_4900/,320390,NON-PROFIT ORGANIZATION,NATIONAL BUREAU OF ECONOMIC RESEARCH INC,1050 Massachusetts Ave,Cambridge,MASSACHUSETTS,
2315541,https://www.usaspending.gov/award/ASST_NON_2315541_4900/,24998,NON-PROFIT ORGANIZATION,NATIONAL BUREAU OF ECONOMIC RESEARCH INC,1050 Massachusetts Ave,Cambridge,MASSACHUSETTS,
2315720,https://www.usaspending.gov/award/ASST_NON_2315720_4900/,293490,NON-PROFIT ORGANIZATION,NATIONAL BUREAU OF ECONOMIC RESEARCH INC,1050 Massachusetts Ave,Cambridge,MASSACHUSETTS,
2226007,https://www.usaspending.gov/award/ASST_NON_2226007_4900/,599255,RESEARCH INSTITUTE ,NATIONAL OPINION RESEARCH CENTER,55 E Monroe St,Chicago,ILLINOIS,60603
2301038,https://www.usaspending.gov/award/ASST_NON_2301038_4900/,657725,RESEARCH INSTITUTE ,NATIONAL OPINION RESEARCH CENTER,55 E Monroe St,Chicago,ILLINOIS,60603
2411614,https://www.usaspending.gov/award/ASST_NON_2411614_4900/,18709,RESEARCH INSTITUTE ,OREGON RESEARCH INSTITUTE,3800 Sports Way,Springfield,OREGON,97477-2019
2218860,https://www.usaspending.gov/award/ASST_NON_2218860_4900/,21980,RESEARCH INSTITUTE ,SANTA FE INSTITUTE OF SCIENCE,1399 Hyde Park Rd,Santa Fe,NEW MEXICO,87501
2309468,https://www.usaspending.gov/award/ASST_NON_2309468_4900/,50000,SCIENTIFIC NON-PROFIT ORGANIZATION,SUSTAINABLE MANUFACTURING INNOVATION ALLIANCE CORP,150 Lucius Gordon Dr.,West Henrietta,NEW YORK,14586
2115921,https://www.usaspending.gov/award/ASST_NON_2115921_4900/,1522057,SCIENTIFIC NON-PROFIT ORGANIZATION,"TERC, INC.",2067 Massachussetts Ave,Cambridge,MASSACHUSETTS,2140
2150364,https://www.usaspending.gov/award/ASST_NON_2150364_4900/,348540,SCIENTIFIC NON-PROFIT ORGANIZATION,"TERC, INC.",2067 Massachussetts Ave,Cambridge,MASSACHUSETTS,2140
2215382,https://www.usaspending.gov/award/ASST_NON_2215382_4900/,2601763,SCIENTIFIC NON-PROFIT ORGANIZATION,"TERC, INC.",2067 Massachussetts Ave,Cambridge,MASSACHUSETTS,2140
2216023,https://www.usaspending.gov/award/ASST_NON_2216023_4900/,299981,SCIENTIFIC NON-PROFIT ORGANIZATION,"TERC, INC.",2067 Massachussetts Ave,Cambridge,MASSACHUSETTS,2140
2224247,https://www.usaspending.gov/award/ASST_NON_2224247_4900/,969616,SCIENTIFIC NON-PROFIT ORGANIZATION,"TERC, INC.",2067 Massachussetts Ave,Cambridge,MASSACHUSETTS,2140
2241380,https://www.usaspending.gov/award/ASST_NON_2241380_4900/,1297760,SCIENTIFIC NON-PROFIT ORGANIZATION,"TERC, INC.",2067 Massachussetts Ave,Cambridge,MASSACHUSETTS,2140
2335287,https://www.usaspending.gov/award/ASST_NON_2335287_4900/,274996,SMALL BUSINESS,ALGOFACE INC,37204 N Transquil Trl,Carefree,ARIZONA,85377
2344191,https://www.usaspending.gov/award/ASST_NON_2344191_4900/,275000,SMALL BUSINESS,"ANYGLABS, INC.",5770 Oberlin Dr,San Diego,CALIFORNIA,92121-1723
2335396,https://www.usaspending.gov/award/ASST_NON_2335396_4900/,275000,SMALL BUSINESS,"ASTRIA BIOSCIENCES, INC.",1123 Pinewood Drive,Pittsburg,PENNSYLVANIA,15243
2341568,https://www.usaspending.gov/award/ASST_NON_2341568_4900/,1000000,SMALL BUSINESS,"BIOSENS8, INC.",750 Main St,Cambridge,MASSACHUSETTS,02139-3544
2233707,https://www.usaspending.gov/award/ASST_NON_2233707_4900/,1997452,SMALL BUSINESS,BLACK IN MARINE SCIENCE,522 W Riverside Ave,Spokane,WASHINGTON,99201
2208725,https://www.usaspending.gov/award/ASST_NON_2208725_4900/,275937,SMALL BUSINESS,CALM WATERS GROUP LLC,5393 Oak Forest Dr,Jacksonville,CALIFORNIA,32211
2202033,https://www.usaspending.gov/award/ASST_NON_2202033_4900/,646526,SMALL BUSINESS,CAST INC,40 Harvard Mills Square,Wakefield,MASSACHUSETTS,1880
2233004,https://www.usaspending.gov/award/ASST_NON_2233004_4900/,991408,SMALL BUSINESS,CHIBITRONICS INC,1652 Mountain Ash Way,New Port Richey,FLORIDA,34655
2214516,https://www.usaspending.gov/award/ASST_NON_2214516_4900/,2499156,SMALL BUSINESS,CONCORD CONSORTIUM INC,25 Love Ln,Concord,MASSACHUSETTS,1742
2241669,https://www.usaspending.gov/award/ASST_NON_2241669_4900/,516058,SMALL BUSINESS,CONCORD CONSORTIUM INC,25 Love Ln,Concord,MASSACHUSETTS,1742
2303937,https://www.usaspending.gov/award/ASST_NON_2303937_4900/,294880,SMALL BUSINESS,"CULTURALLY RESPONSIVE SOLUTIONS, LLC",1 Oak Knoll Drive,Wallingford,PENNSYLVANIA,19086
2228671,https://www.usaspending.gov/award/ASST_NON_2228671_4900/,49500,SMALL BUSINESS,EASTIE FARM INC,213 Webster St,Boston,MASSACHUSETTS,2128
2322178,https://www.usaspending.gov/award/ASST_NON_2322178_4900/,1000000,SMALL BUSINESS,EASTIE FARM INC,213 Webster St,Boston,MASSACHUSETTS,2128
2304358,https://www.usaspending.gov/award/ASST_NON_2304358_4900/,275000,SMALL BUSINESS,"EMPALLO, INC.",511 Putnam Ave,Cambridge,GEORGIA,2139
2233395,https://www.usaspending.gov/award/ASST_NON_2233395_4900/,1016783,SMALL BUSINESS,FIRELINE SCIENCE LLC,5501 S College Ave,Tempe,ARIZONA,85283
2304420,https://www.usaspending.gov/award/ASST_NON_2304420_4900/,294993,SMALL BUSINESS,GENASSIST INC,8200 E Belleview Ave,Greenwood Village,MISSOURI,80111
2151351,https://www.usaspending.gov/award/ASST_NON_2151351_4900/,276000,SMALL BUSINESS,HAIRDAYS INC,11 E Loop Road,New York,NEW YORK,10044-1500
2232475,https://www.usaspending.gov/award/ASST_NON_2232475_4900/,295000,SMALL BUSINESS,ICONIUM ENGINEERING COMPANY,2029 Becker Dr,Lawrence,KANSAS,66047
2304322,https://www.usaspending.gov/award/ASST_NON_2304322_4900/,985389,SMALL BUSINESS,INITIUM AI INC,245 Hunters Trl,Ann Arbor,MICHIGAN,48103
2219491,https://www.usaspending.gov/award/ASST_NON_2219491_4900/,1061469,SMALL BUSINESS,LEARNING PARTNERSHIP LLC,4617 Wolf Rd,Western Springs,ILLINOIS,60558
2317077,https://www.usaspending.gov/award/ASST_NON_2317077_4900/,274993,SMALL BUSINESS,LIVEDX INC.,333 SE 2nd Ave,Miami,COLORADO,33131
2335060,https://www.usaspending.gov/award/ASST_NON_2335060_4900/,275000,SMALL BUSINESS,"MINTANGIBLE, INC.",2400 Old Brick Road,Glen Allen,VIRGINIA,23060
2317317,https://www.usaspending.gov/award/ASST_NON_2317317_4900/,100000,SMALL BUSINESS,"NATIONAL COLLEGIATE INVENTORS & INNOVATORS ALLIANCE, INC.",100 Venture Way,Hadley,MASSACHUSETTS,1035
2322073,https://www.usaspending.gov/award/ASST_NON_2322073_4900/,995338,SMALL BUSINESS,NATRX INC,6220 Angus Dr,Umstead,NORTH CAROLINA,27617
2232689,https://www.usaspending.gov/award/ASST_NON_2232689_4900/,295000,SMALL BUSINESS,NERRATIVE TECHNOLOGY INC,426 Spring Oak Rd,Camarillo,CALIFORNIA,93010
2136977,https://www.usaspending.gov/award/ASST_NON_2136977_4900/,250104,SMALL BUSINESS,PHYTUNES INC,616 Ramona St,Palo Alto,CALIFORNIA,94301
2304241,https://www.usaspending.gov/award/ASST_NON_2304241_4900/,274981,SMALL BUSINESS,"PRAIRIELEARN, INC.",60 Hazelwood Drive,Champaign,ILLINOIS,61820
2232826,https://www.usaspending.gov/award/ASST_NON_2232826_4900/,294471,SMALL BUSINESS,PRENOSTIK LLC,21 Meadow Gln,Irvine,CALIFORNIA,92602
2136642,https://www.usaspending.gov/award/ASST_NON_2136642_4900/,255719,SMALL BUSINESS,"QUANTWORKS, INC.",202 S Greensboro St,Carrboro,NORTH CAROLINA,27510
2304546,https://www.usaspending.gov/award/ASST_NON_2304546_4900/,295000,SMALL BUSINESS,SHAMRCK SOCIAL IMPACT CORP,925 Laney Walker Blvd,Augusta,GEORGIA,30901-2951
2225635,https://www.usaspending.gov/award/ASST_NON_2225635_4900/,295000,SMALL BUSINESS,"THE LEARNING NETWORK, LLC",1915 Natchez Trce,Allen,TEXAS,75013
2322335,https://www.usaspending.gov/award/ASST_NON_2322335_4900/,999479,SMALL BUSINESS,"VECTECH, INC.",3600 Clipper Mill Rd,Baltimore,MARYLAND,21211
2136210,https://www.usaspending.gov/award/ASST_NON_2136210_4900/,276000,SMALL BUSINESS,VIRTUAL APPRENTICE LLC,1 Research Ct Ste 450,Rockville,MARYLAND,20850
2214955,https://www.usaspending.gov/award/ASST_NON_2214955_4900/,99922,SMALL BUSINESS,WOMEN IN ENGINEERING PROGRAMS & ADVOCATES NETWORK,2001 L St. NW,"Washington, DC",DISTRICT OF COLUMBIA,20036
2137168,https://www.usaspending.gov/award/ASST_NON_2137168_4900/,1018000,SMALL BUSINESS,"ZENOBIA THERAPEUTICS, INC",3550 General Atomics Ct,San Diego,CALIFORNIA,92121
2217732,https://www.usaspending.gov/award/ASST_NON_2217732_4900/,50000,SMALL BUSINESS,ZIKER ENTERPRISES LLC,2769 Sunbonnet Ct,San Jose,CALIFORNIA,95125
